-- Add comprehensive list of South African municipalities
-- This replaces the limited seed data with all 257 municipalities across 9 provinces

-- Clear existing municipalities (except if there are already issues linked to them)
DELETE FROM public.municipalities WHERE id NOT IN (SELECT DISTINCT municipality_id FROM public.issues);

-- Insert all South African municipalities by province
-- EASTERN CAPE (44 municipalities)
INSERT INTO public.municipalities (name, province, contact_email, contact_phone) VALUES
('Buffalo City Metropolitan Municipality', 'Eastern Cape', 'info@buffalocity.gov.za', '043 705 2000'),
('Nelson Mandela Bay Metropolitan Municipality', 'Eastern Cape', 'info@mandelametro.gov.za', '041 506 5000'),
('Amahlathi Local Municipality', 'Eastern Cape', 'info@amahlathi.gov.za', '043 643 1133'),
('Blue Crane Route Local Municipality', 'Eastern Cape', 'info@bluecraneroute.gov.za', '042 243 1051'),
('Dr Beyers Naudé Local Municipality', 'Eastern Cape', 'info@dbn.gov.za', '044 203 3111'),
('Elundini Local Municipality', 'Eastern Cape', 'info@elundini.gov.za', '045 932 7100'),
('Emalahleni Local Municipality', 'Eastern Cape', 'info@emalahleni.gov.za', '047 874 0019'),
('Enoch Mgijima Local Municipality', 'Eastern Cape', 'info@enochmgijima.gov.za', '045 807 7600'),
('Engcobo Local Municipality', 'Eastern Cape', 'info@engcobo.gov.za', '047 548 0077'),
('Great Kei Local Municipality', 'Eastern Cape', 'info@greatkei.gov.za', '043 831 1044'),
('Intsika Yethu Local Municipality', 'Eastern Cape', 'info@intsikayethu.gov.za', '047 874 0015'),
('Inxuba Yethemba Local Municipality', 'Eastern Cape', 'info@inxuba.gov.za', '049 892 3107'),
('King Sabata Dalindyebo Local Municipality', 'Eastern Cape', 'info@ksd.gov.za', '047 502 5000'),
('Kouga Local Municipality', 'Eastern Cape', 'info@kouga.gov.za', '042 200 2200'),
('Kou-Kamma Local Municipality', 'Eastern Cape', 'info@koukamma.gov.za', '042 280 1115'),
('Makana Local Municipality', 'Eastern Cape', 'info@makana.gov.za', '046 603 6111'),
('Matatiele Local Municipality', 'Eastern Cape', 'info@matatiele.gov.za', '039 737 3300'),
('Mbhashe Local Municipality', 'Eastern Cape', 'info@mbhashe.gov.za', '047 491 0038'),
('Mhlontlo Local Municipality', 'Eastern Cape', 'info@mhlontlo.gov.za', '039 253 0033'),
('Mnquma Local Municipality', 'Eastern Cape', 'info@mnquma.gov.za', '047 491 0500'),
('Ndlambe Local Municipality', 'Eastern Cape', 'info@ndlambe.gov.za', '046 604 5500'),
('Ngqushwa Local Municipality', 'Eastern Cape', 'info@ngqushwa.gov.za', '040 658 0916'),
('Ntabankulu Local Municipality', 'Eastern Cape', 'info@ntabankulu.gov.za', '039 258 0038'),
('Nyandeni Local Municipality', 'Eastern Cape', 'info@nyandeni.gov.za', '047 531 0678'),
('Port St Johns Local Municipality', 'Eastern Cape', 'info@psjmunicipality.gov.za', '047 564 1127'),
('Raymond Mhlaba Local Municipality', 'Eastern Cape', 'info@raymondmhlaba.gov.za', '046 645 1500'),
('Senqu Local Municipality', 'Eastern Cape', 'info@senqu.gov.za', '051 633 1044'),
('Sakhisizwe Local Municipality', 'Eastern Cape', 'info@sakhisizwe.gov.za', '045 971 0166'),
('Sunday''s River Valley Local Municipality', 'Eastern Cape', 'info@sundaysriver.gov.za', '042 230 1055'),
('Umzimvubu Local Municipality', 'Eastern Cape', 'info@umzimvubu.gov.za', '039 251 0077'),
('Walter Sisulu Local Municipality', 'Eastern Cape', 'info@waltersisulu.gov.za', '051 633 4300'),

-- FREE STATE (20 municipalities)
('Mangaung Metropolitan Municipality', 'Free State', 'info@mangaung.co.za', '051 405 8911'),
('Dihlabeng Local Municipality', 'Free State', 'info@dihlabeng.gov.za', '058 303 5732'),
('Kopanong Local Municipality', 'Free State', 'info@kopanong.gov.za', '051 541 0476'),
('Letsemeng Local Municipality', 'Free State', 'info@letsemeng.gov.za', '051 773 8300'),
('Maluti-a-Phofung Local Municipality', 'Free State', 'info@map.fs.gov.za', '058 718 5000'),
('Mantsopa Local Municipality', 'Free State', 'info@mantsopa.gov.za', '051 881 3455'),
('Masilonyana Local Municipality', 'Free State', 'info@masilonyana.gov.za', '057 391 3015'),
('Matjhabeng Local Municipality', 'Free State', 'info@matjhabeng.fs.gov.za', '057 391 3091'),
('Metsimaholo Local Municipality', 'Free State', 'info@metsimaholo.gov.za', '016 970 9300'),
('Mohokare Local Municipality', 'Free State', 'info@mohokare.gov.za', '051 633 2741'),
('Moqhaka Local Municipality', 'Free State', 'info@moqhaka.gov.za', '056 216 9300'),
('Nala Local Municipality', 'Free State', 'info@nala.gov.za', '057 391 3091'),
('Ngwathe Local Municipality', 'Free State', 'info@ngwathe.gov.za', '056 515 9200'),
('Nketoana Local Municipality', 'Free State', 'info@nketoana.gov.za', '058 713 6300'),
('Phumelela Local Municipality', 'Free State', 'info@phumelela.gov.za', '058 303 9300'),
('Setsoto Local Municipality', 'Free State', 'info@setsoto.gov.za', '058 713 6300'),
('Tokologo Local Municipality', 'Free State', 'info@tokologo.gov.za', '053 203 0106'),
('Tswelopele Local Municipality', 'Free State', 'info@tswelopele.gov.za', '057 357 8300'),

-- GAUTENG (11 municipalities)
('City of Johannesburg Metropolitan Municipality', 'Gauteng', 'callcentre@joburg.org.za', '011 375 5555'),
('City of Tshwane Metropolitan Municipality', 'Gauteng', 'info@tshwane.gov.za', '012 358 7911'),
('Ekurhuleni Metropolitan Municipality', 'Gauteng', 'info@ekurhuleni.gov.za', '011 999 0000'),
('Emfuleni Local Municipality', 'Gauteng', 'info@emfuleni.gov.za', '016 950 5000'),
('Lesedi Local Municipality', 'Gauteng', 'info@lesedi.gov.za', '016 341 2500'),
('Merafong City Local Municipality', 'Gauteng', 'info@merafong.gov.za', '018 788 8300'),
('Midvaal Local Municipality', 'Gauteng', 'info@midvaal.gov.za', '016 360 7400'),
('Mogale City Local Municipality', 'Gauteng', 'info@mogalecity.gov.za', '011 951 0300'),
('Rand West City Local Municipality', 'Gauteng', 'info@randwestcity.gov.za', '011 411 0000'),
('Sedibeng District Municipality', 'Gauteng', 'info@sedibeng.gov.za', '016 450 3000'),
('West Rand District Municipality', 'Gauteng', 'info@wrdm.gov.za', '011 411 5000'),

-- KWAZULU-NATAL (54 municipalities)
('eThekwini Metropolitan Municipality', 'KwaZulu-Natal', 'info@durban.gov.za', '031 311 1111'),
('Alfred Duma Local Municipality', 'KwaZulu-Natal', 'info@alfredduma.gov.za', '036 637 6300'),
('Big Five Hlabisa Local Municipality', 'KwaZulu-Natal', 'info@bigfive.gov.za', '035 838 0168'),
('Dannhauser Local Municipality', 'KwaZulu-Natal', 'info@dannhauser.gov.za', '034 621 2666'),
('Dr Nkosazana Dlamini Zuma Local Municipality', 'KwaZulu-Natal', 'info@ndz.gov.za', '039 834 8700'),
('eDumbe Local Municipality', 'KwaZulu-Natal', 'info@edumbe.gov.za', '034 271 8100'),
('Emadlangeni Local Municipality', 'KwaZulu-Natal', 'info@emadlangeni.gov.za', '034 331 3045'),
('Endumeni Local Municipality', 'KwaZulu-Natal', 'info@endumeni.gov.za', '034 212 1022'),
('eNdondakusuka Local Municipality', 'KwaZulu-Natal', 'info@endondakusuka.gov.za', '032 437 9300'),
('Ezinqoleni Local Municipality', 'KwaZulu-Natal', 'info@ezinqoleni.gov.za', '039 259 5000'),
('Greater Kokstad Local Municipality', 'KwaZulu-Natal', 'info@kokstad.gov.za', '039 727 3106'),
('Hibiscus Coast Local Municipality', 'KwaZulu-Natal', 'info@hibiscuscoast.gov.za', '039 688 5700'),
('Hlabisa Local Municipality', 'KwaZulu-Natal', 'info@hlabisa.gov.za', '035 838 8100'),
('Impendle Local Municipality', 'KwaZulu-Natal', 'info@impendle.gov.za', '033 996 1017'),
('Inkosi Langalibalele Local Municipality', 'KwaZulu-Natal', 'info@langalibalele.gov.za', '036 448 8500'),
('Jozini Local Municipality', 'KwaZulu-Natal', 'info@jozini.org.za', '035 572 1044'),
('KwaDukuza Local Municipality', 'KwaZulu-Natal', 'info@kwadukuza.gov.za', '032 437 5000'),
('Mandeni Local Municipality', 'KwaZulu-Natal', 'info@mandeni.gov.za', '032 456 8200'),
('Maphumulo Local Municipality', 'KwaZulu-Natal', 'info@maphumulo.gov.za', '032 481 1038'),
('Mkhambathini Local Municipality', 'KwaZulu-Natal', 'info@mkhambathini.gov.za', '031 717 1500'),
('Mpofana Local Municipality', 'KwaZulu-Natal', 'info@mpofana.gov.za', '033 263 1045'),
('Msinga Local Municipality', 'KwaZulu-Natal', 'info@msinga.gov.za', '034 831 0166'),
('Mthonjaneni Local Municipality', 'KwaZulu-Natal', 'info@mthonjaneni.gov.za', '035 835 0016'),
('Mtubatuba Local Municipality', 'KwaZulu-Natal', 'info@mtubatuba.gov.za', '035 550 0500'),
('Ndwedwe Local Municipality', 'KwaZulu-Natal', 'info@ndwedwe.gov.za', '032 532 9500'),
('Newcastle Local Municipality', 'KwaZulu-Natal', 'info@newcastle.gov.za', '034 328 7600'),
('Nkandla Local Municipality', 'KwaZulu-Natal', 'info@nkandla.gov.za', '035 833 0016'),
('Nongoma Local Municipality', 'KwaZulu-Natal', 'info@nongoma.gov.za', '035 831 7500'),
('Nquthu Local Municipality', 'KwaZulu-Natal', 'info@nquthu.gov.za', '034 271 3500'),
('Okhahlamba Local Municipality', 'KwaZulu-Natal', 'info@okhahlamba.org.za', '036 438 6300'),
('Ray Nkonyeni Local Municipality', 'KwaZulu-Natal', 'info@raynkonyeni.gov.za', '039 688 5700'),
('Richmond Local Municipality', 'KwaZulu-Natal', 'info@richmond.gov.za', '033 212 2161'),
('uMfolozi Local Municipality', 'KwaZulu-Natal', 'info@umfolozi.gov.za', '035 787 9500'),
('uMhlathuze Local Municipality', 'KwaZulu-Natal', 'info@umhlathuze.gov.za', '035 907 5000'),
('uMlalazi Local Municipality', 'KwaZulu-Natal', 'info@umlalazi.org.za', '035 340 2000'),
('uMngeni Local Municipality', 'KwaZulu-Natal', 'info@umngeni.gov.za', '033 330 3001'),
('uMshwathi Local Municipality', 'KwaZulu-Natal', 'info@umshwathi.gov.za', '033 503 1052'),
('uMuziwabantu Local Municipality', 'KwaZulu-Natal', 'info@umuziwabantu.gov.za', '039 259 5000'),
('uPhongolo Local Municipality', 'KwaZulu-Natal', 'info@uphongolo.gov.za', '034 413 1045'),
('Umdoni Local Municipality', 'KwaZulu-Natal', 'info@umdoni.gov.za', '039 976 1200'),
('Umhlabuyalingana Local Municipality', 'KwaZulu-Natal', 'info@umhlabuyalingana.gov.za', '035 571 0025'),
('Umvoti Local Municipality', 'KwaZulu-Natal', 'info@umvoti.gov.za', '032 532 9500'),
('Umzumbe Local Municipality', 'KwaZulu-Natal', 'info@umzumbe.gov.za', '039 684 6100'),
('Zululand District Municipality', 'KwaZulu-Natal', 'info@zululand.org.za', '034 982 9500'),

-- LIMPOPO (25 municipalities)
('Ba-Phalaborwa Local Municipality', 'Limpopo', 'info@baphalaborwa.gov.za', '015 780 6600'),
('Bela-Bela Local Municipality', 'Limpopo', 'info@belabela.gov.za', '014 736 8000'),
('Blouberg Local Municipality', 'Limpopo', 'info@blouberg.gov.za', '015 505 3165'),
('Collins Chabane Local Municipality', 'Limpopo', 'info@collinschabane.gov.za', '015 556 3931'),
('Elias Motsoaledi Local Municipality', 'Limpopo', 'info@eliasmotsoaledi.gov.za', '013 265 9500'),
('Ephraim Mogale Local Municipality', 'Limpopo', 'info@ephraimmogale.gov.za', '013 265 9500'),
('Fetakgomo Tubatse Local Municipality', 'Limpopo', 'info@fetakgomotubatse.gov.za', '013 231 2301'),
('Greater Giyani Local Municipality', 'Limpopo', 'info@giyani.gov.za', '015 812 4000'),
('Greater Letaba Local Municipality', 'Limpopo', 'info@greaterletaba.gov.za', '015 309 9221'),
('Greater Tzaneen Local Municipality', 'Limpopo', 'info@greatertzaneen.gov.za', '015 307 8000'),
('Lephalale Local Municipality', 'Limpopo', 'info@lephalale.gov.za', '014 763 2193'),
('Lepelle-Nkumpi Local Municipality', 'Limpopo', 'info@lepellenkumpi.gov.za', '015 633 8300'),
('Makhado Local Municipality', 'Limpopo', 'info@makhado.gov.za', '015 519 3000'),
('Makhuduthamaga Local Municipality', 'Limpopo', 'info@makhuduthamaga.gov.za', '013 265 9500'),
('Maruleng Local Municipality', 'Limpopo', 'info@maruleng.gov.za', '015 309 9221'),
('Modimolle-Mookgophong Local Municipality', 'Limpopo', 'info@modimolle.gov.za', '014 717 1500'),
('Mogalakwena Local Municipality', 'Limpopo', 'info@mogalakwena.gov.za', '015 491 9000'),
('Molemole Local Municipality', 'Limpopo', 'info@molemole.gov.za', '015 501 0243'),
('Musina Local Municipality', 'Limpopo', 'info@musina.gov.za', '015 534 3500'),
('Polokwane Local Municipality', 'Limpopo', 'info@polokwane.gov.za', '015 290 2000'),
('Thabazimbi Local Municipality', 'Limpopo', 'info@thabazimbi.gov.za', '014 772 1560'),
('Thulamela Local Municipality', 'Limpopo', 'info@thulamela.gov.za', '015 963 6000'),

-- MPUMALANGA (18 municipalities)
('Albert Luthuli Local Municipality', 'Mpumalanga', 'info@albertluthuli.gov.za', '017 843 4000'),
('Bushbuckridge Local Municipality', 'Mpumalanga', 'info@bushbuckridge.gov.za', '013 799 4000'),
('Chief Albert Luthuli Local Municipality', 'Mpumalanga', 'info@albertluthuli.gov.za', '017 843 4000'),
('Dipaleseng Local Municipality', 'Mpumalanga', 'info@dipaleseng.gov.za', '017 843 4000'),
('Dr JS Moroka Local Municipality', 'Mpumalanga', 'info@drjsmoroka.gov.za', '013 947 5000'),
('Emakhazeni Local Municipality', 'Mpumalanga', 'info@emakhazeni.gov.za', '013 235 1000'),
('Emalahleni Local Municipality', 'Mpumalanga', 'info@emalahleni.gov.za', '013 690 6911'),
('Govan Mbeki Local Municipality', 'Mpumalanga', 'info@govanmbeki.gov.za', '017 620 6000'),
('Lekwa Local Municipality', 'Mpumalanga', 'info@lekwa.gov.za', '017 712 9300'),
('Mkhondo Local Municipality', 'Mpumalanga', 'info@mkhondo.gov.za', '017 826 8500'),
('Msukaligwa Local Municipality', 'Mpumalanga', 'info@msukaligwa.gov.za', '017 819 2000'),
('Nkangala District Municipality', 'Mpumalanga', 'info@nkangaladm.gov.za', '013 249 2000'),
('Pixley Ka Seme Local Municipality', 'Mpumalanga', 'info@pixleykaseme.gov.za', '017 826 8500'),
('Steve Tshwete Local Municipality', 'Mpumalanga', 'info@stevetshwete.gov.za', '013 690 6911'),
('Thaba Chweu Local Municipality', 'Mpumalanga', 'info@thabachweu.gov.za', '013 759 9100'),
('Thembisile Hani Local Municipality', 'Mpumalanga', 'info@thembisile.gov.za', '013 947 5000'),
('Victor Khanye Local Municipality', 'Mpumalanga', 'info@victorkhanye.gov.za', '013 947 5000'),

-- NORTHERN CAPE (27 municipalities)
('Dawid Kruiper Local Municipality', 'Northern Cape', 'info@davidkruiper.gov.za', '054 331 1621'),
('Dikgatlong Local Municipality', 'Northern Cape', 'info@dikgatlong.gov.za', '053 712 0106'),
('Ga-Segonyana Local Municipality', 'Northern Cape', 'info@gasegonyana.gov.za', '053 712 8300'),
('Gamagara Local Municipality', 'Northern Cape', 'info@gamagara.gov.za', '053 384 8500'),
('Hantam Local Municipality', 'Northern Cape', 'info@hantam.gov.za', '027 341 1022'),
('Joe Morolong Local Municipality', 'Northern Cape', 'info@joemorolong.gov.za', '053 712 8300'),
('Kai !Garib Local Municipality', 'Northern Cape', 'info@kaigariblm.gov.za', '054 331 1621'),
('Kamiesberg Local Municipality', 'Northern Cape', 'info@kamiesberg.gov.za', '027 672 1336'),
('Kareeberg Local Municipality', 'Northern Cape', 'info@kareeberg.gov.za', '053 203 0106'),
('Kgatelopele Local Municipality', 'Northern Cape', 'info@kgatelopele.gov.za', '053 384 8500'),
('Khâi-Ma Local Municipality', 'Northern Cape', 'info@khaima.gov.za', '054 331 1621'),
('Magareng Local Municipality', 'Northern Cape', 'info@magareng.gov.za', '053 384 8500'),
('Nama Khoi Local Municipality', 'Northern Cape', 'info@namakwa-dm.gov.za', '027 712 8000'),
('Phokwane Local Municipality', 'Northern Cape', 'info@phokwane.gov.za', '053 927 8200'),
('Renosterberg Local Municipality', 'Northern Cape', 'info@renosterberg.gov.za', '051 603 0106'),
('Richtersveld Local Municipality', 'Northern Cape', 'info@richtersveld.gov.za', '027 831 1112'),
('Siyancuma Local Municipality', 'Northern Cape', 'info@siyancuma.gov.za', '053 927 8200'),
('Siyathemba Local Municipality', 'Northern Cape', 'info@siyathemba.gov.za', '054 331 1621'),
('Sol Plaatje Local Municipality', 'Northern Cape', 'info@solplaatje.org.za', '053 830 6911'),
('Thembelihle Local Municipality', 'Northern Cape', 'info@thembelihle.gov.za', '053 927 8200'),
('Tsantsabane Local Municipality', 'Northern Cape', 'info@tsantsabane.gov.za', '053 384 8500'),
('Ubuntu Local Municipality', 'Northern Cape', 'info@ubuntu.gov.za', '051 603 0106'),
('Umsobomvu Local Municipality', 'Northern Cape', 'info@umsobomvu.gov.za', '053 203 0106'),
('!Kheis Local Municipality', 'Northern Cape', 'info@kheis.gov.za', '053 384 8500'),

-- NORTH WEST (19 municipalities)
('City of Matlosana Local Municipality', 'North West', 'info@matlosana.gov.za', '018 487 8500'),
('Ditsobotla Local Municipality', 'North West', 'info@ditsobotla.gov.za', '018 381 9200'),
('Greater Taung Local Municipality', 'North West', 'info@greatertaung.gov.za', '053 994 8500'),
('Kagisano-Molopo Local Municipality', 'North West', 'info@kagisanomolopo.gov.za', '053 927 8200'),
('Kgetlengrivier Local Municipality', 'North West', 'info@kgetlengrivier.gov.za', '014 736 8000'),
('Lekwa-Teemane Local Municipality', 'North West', 'info@lekwateemane.gov.za', '053 927 8200'),
('Madibeng Local Municipality', 'North West', 'info@madibeng.gov.za', '012 318 9300'),
('Mahikeng Local Municipality', 'North West', 'info@mahikeng.gov.za', '018 381 9200'),
('Mamusa Local Municipality', 'North West', 'info@mamusa.gov.za', '053 927 8200'),
('Maquassi Hills Local Municipality', 'North West', 'info@maquassihills.gov.za', '018 487 8500'),
('Moretele Local Municipality', 'North West', 'info@moretele.gov.za', '012 716 3000'),
('Moses Kotane Local Municipality', 'North West', 'info@moseskotane.gov.za', '014 736 8000'),
('Naledi Local Municipality', 'North West', 'info@naledi.gov.za', '053 927 8200'),
('Ramotshere Moiloa Local Municipality', 'North West', 'info@ramotsheremlm.gov.za', '018 381 9200'),
('Ratlou Local Municipality', 'North West', 'info@ratlou.gov.za', '018 381 9200'),
('Rustenburg Local Municipality', 'North West', 'info@rustenburg.gov.za', '014 590 3111'),
('Tlokwe City Council', 'North West', 'info@potch.co.za', '018 297 5111'),
('Tswaing Local Municipality', 'North West', 'info@tswaing.gov.za', '018 381 9200'),

-- WESTERN CAPE (30 municipalities)
('City of Cape Town Metropolitan Municipality', 'Western Cape', 'info@capetown.gov.za', '021 400 1111'),
('Beaufort West Local Municipality', 'Western Cape', 'info@beaufortwestmun.co.za', '023 414 8000'),
('Bergrivier Local Municipality', 'Western Cape', 'info@bergmun.org.za', '022 487 9400'),
('Bitou Local Municipality', 'Western Cape', 'info@bitou.gov.za', '044 501 3000'),
('Breede Valley Local Municipality', 'Western Cape', 'info@bvm.gov.za', '023 348 2600'),
('Cape Agulhas Local Municipality', 'Western Cape', 'info@capeagulhas.gov.za', '028 425 5500'),
('Cederberg Local Municipality', 'Western Cape', 'info@cederbergmun.gov.za', '027 482 1010'),
('Drakenstein Local Municipality', 'Western Cape', 'info@drakenstein.gov.za', '021 807 4500'),
('George Local Municipality', 'Western Cape', 'info@george.gov.za', '044 801 9111'),
('Hessequa Local Municipality', 'Western Cape', 'info@hessequa.gov.za', '028 713 8000'),
('Kannaland Local Municipality', 'Western Cape', 'info@kannaland.gov.za', '044 213 3603'),
('Knysna Local Municipality', 'Western Cape', 'info@knysna.gov.za', '044 302 6300'),
('Laingsburg Local Municipality', 'Western Cape', 'info@laingsburg.gov.za', '023 551 1019'),
('Langeberg Local Municipality', 'Western Cape', 'info@langeberg.gov.za', '023 615 8000'),
('Matzikama Local Municipality', 'Western Cape', 'info@matzikamamun.co.za', '027 201 3300'),
('Mossel Bay Local Municipality', 'Western Cape', 'info@mosselbay.gov.za', '044 606 5000'),
('Oudtshoorn Local Municipality', 'Western Cape', 'info@oudtmun.gov.za', '044 203 3001'),
('Overstrand Local Municipality', 'Western Cape', 'info@overstrand.gov.za', '028 313 8000'),
('Prince Albert Local Municipality', 'Western Cape', 'info@princealbertmun.co.za', '023 541 1320'),
('Saldanha Bay Local Municipality', 'Western Cape', 'info@sbm.gov.za', '022 701 7000'),
('Stellenbosch Local Municipality', 'Western Cape', 'info@stellenbosch.gov.za', '021 808 8111'),
('Swartland Local Municipality', 'Western Cape', 'info@swartland.org.za', '022 487 9400'),
('Swellendam Local Municipality', 'Western Cape', 'info@swellenmun.co.za', '028 514 1112'),
('Theewaterskloof Local Municipality', 'Western Cape', 'info@twk.org.za', '028 214 3300'),
('Witzenberg Local Municipality', 'Western Cape', 'info@witzenberg.gov.za', '023 312 8800')
ON CONFLICT (name, province) DO NOTHING;
